addr, label
0x339DC,
0x339E8,
0x339F4,
0x33A00,
0x33A0C,
0x33A18,
0x33A24,
0x33A30,
0x33A3C,
0x33A48,
0x33A54,
0x33A60,
0x33A6C,
0x33A78,
0x33A84,
0x33A90,
0x33A9C,
0x33AA8,
0x33AB4,
0x33AC0,
0x33ACC,
0x33AD8,
0x33AE4,
0x33AF0,
0x33AFC,
0x33B08,
0x33B14,
0x33B20,
0x33B2C,
0x33B38,
0x33B44,
0x33B50,
0x33B5C,
0x33B68,
0x33B74,
0x33B80,
0x33B8C,
0x33B98,
0x33BA4,
0x33BB0,
0x33BBC,
0x33BC8,
0x33BD4,
0x33BE0,
0x33BEC,
0x33BF8,
0x33C04,
0x33C10,
0x33C1C,
0x33C28,
0x33C34,
0x33C40,
0x33C4C,
0x33C58,
0x33C64,
0x33C70,
0x33C88,
0x33CA0,
0x33CAC,
0x33CB8,
0x33CC4,
0x33CD0,
0x33CDC,
0x33CE8,
0x33CF4,
0x33D00,
0x33D0C,
0x33D18,
0x33D24,
0x33D30,
0x33D3C,
0x33D48,
0x33D54,
0x33D60,
0x33D6C,
0x33D78,
0x33D84,
0x33D90,
0x33D9C,
0x33DA8,
0x33DB4,
0x33DC0,
0x33DCC,
0x33DD8,
0x33DE4,
0x33DF0,
0x33DFC,
0x33E08,
0x33E14,
0x33E20,
0x33E2C,
0x33E38,
0x33E44,
0x33E50,
0x33E5C,
0x33E68,
0x33E74,
0x33E80,
0x33E8C,
0x33E98,
0x33EA4,
0x33EB0,
0x33EBC,
0x33EC8,
0x33ED4,
0x33EE0,
0x33EEC,
0x33EF8,
0x33F04,
0x33F10,
0x33F1C,
